CustAge,CustIncome,EmpStatus,UtilRate,OtherCC,ResStatus,TmAtAddress,TmWBank,probdefault
53,50000,Unknown,0.22,Yes,Tenant,62,55,0.250347030301424
61,52000,Employed,0.24,Yes,Home Owner,22,25,0.187768691768895
47,37000,Employed,0.29,No,Tenant,30,61,0.317297984790962
50,53000,Employed,0.08,Yes,Home Owner,75,20,0.17109535058152
68,53000,Employed,0.11,Yes,Home Owner,56,14,0.189461157614805
65,48000,Employed,0.15,Yes,Home Owner,13,59,0.13074447598822
34,32000,Unknown,0.02,Yes,Home Owner,32,26,0.52178248382326
50,51000,Employed,0.13,No,Other,57,33,0.284809703934435
50,52000,Unknown,0.02,Yes,Tenant,10,25,0.261164564639017
49,53000,Unknown,0.17,Yes,Home Owner,30,23,0.304670669262413
52,34000,Unknown,0.07,Yes,Tenant,24,44,0.341790579125796
48,44000,Unknown,0.03,Yes,Other,91,14,0.223681987709667
65,48000,Unknown,0.02,No,Home Owner,63,6,0.279322077463349
44,41000,Unknown,0.18,No,Other,75,35,0.361464192436009
46,46000,Employed,0.04,Yes,Other,82,16,0.165313824465747
33,36000,Employed,0.24,Yes,Home Owner,47,36,0.37991876460721
39,34000,Employed,0.27,Yes,Tenant,10,40,0.405537768346588
24,22000,Employed,0.24,Yes,Home Owner,7,19,0.426909549793942
53,51000,Employed,0.42,Yes,Home Owner,14,11,0.191525912301165
52,42000,Unknown,0.21,Yes,Other,55,12,0.304874527174626
37,33000,Unknown,0.07,No,Tenant,13,22,0.591344401858186
51,35000,Employed,0.01,Yes,Home Owner,13,33,0.225547462669001
38,20000,Unknown,0.13,Yes,Other,29,9,0.471536868352359
43,30000,Employed,0.09,Yes,Tenant,41,12,0.333119848974242
56,42000,Unknown,0.24,Yes,Other,27,40,0.292677402891946
52,37000,Unknown,0.11,Yes,Home Owner,9,19,0.387275842324028
45,43000,Employed,0.06,Yes,Other,5,25,0.188127208344631
40,31000,Unknown,0.1,Yes,Home Owner,64,10,0.419762044004106
58,58000,Unknown,0.14,No,Home Owner,34,11,0.360119230352826
36,33000,Employed,0.47,Yes,Home Owner,39,65,0.291021326048197
44,32000,Employed,0.32,Yes,Tenant,17,42,0.465655132777142
46,37000,Unknown,0.04,Yes,Tenant,6,16,0.341276174632866
46,32000,Unknown,0.3,Yes,Tenant,8,26,0.472671752523156
58,44000,Unknown,0.54,Yes,Tenant,18,27,0.326653271185778
35,48000,Unknown,0.05,Yes,Tenant,23,39,0.426488700554379
36,30000,Employed,0.85,No,Other,48,21,0.500667742607863
60,41000,Employed,0.43,Yes,Tenant,58,52,0.199138509005248
57,58000,Employed,0.06,Yes,Tenant,62,70,0.134638800024495
56,47000,Employed,0.23,Yes,Home Owner,42,51,0.161679969821355
57,54000,Unknown,0.05,Yes,Tenant,31,19,0.263304129158522
41,45000,Unknown,0.41,No,Home Owner,18,28,0.487074294301235
33,31000,Employed,0.09,Yes,Home Owner,8,42,0.424671855994526
40,33000,Employed,0.27,Yes,Home Owner,29,117,0.163425259402605
30,33000,Unknown,0.04,Yes,Other,32,30,0.425390152897854
47,39000,Unknown,1.53,Yes,Tenant,27,26,0.474746393491284
38,47000,Unknown,0.11,Yes,Other,26,19,0.326144320731595
52,56000,Employed,0.12,Yes,Tenant,56,79,0.0819374346619042
49,49000,Employed,0.08,Yes,Tenant,56,13,0.194712645685333
41,30000,Unknown,0.05,Yes,Home Owner,57,48,0.288560431957563
38,28000,Unknown,0.06,Yes,Tenant,12,11,0.572899320660488
48,34000,Employed,0.29,Yes,Home Owner,12,3,0.335693332430675
59,60000,Employed,0.25,Yes,Home Owner,17,45,0.13074447598822
48,46000,Employed,0.34,Yes,Tenant,73,68,0.214944129700236
47,33000,Employed,0.21,Yes,Home Owner,86,56,0.223524187893705
38,33000,Employed,0.2,No,Other,19,41,0.438951777237078
52,48000,Employed,0.08,Yes,Tenant,52,68,0.191482405401631
43,36000,Unknown,0.03,Yes,Tenant,59,37,0.377393231725913
56,50000,Unknown,0.18,Yes,Home Owner,56,11,0.347698362250506
49,45000,Employed,0.01,No,Home Owner,18,15,0.262002068277417
53,42000,Unknown,0.12,Yes,Tenant,112,48,0.217967903686401
51,34000,Employed,0.01,Yes,Tenant,45,40,0.259968197105428
69,53000,Employed,0.06,Yes,Tenant,75,46,0.108209450621284
43,30000,Unknown,0.02,Yes,Tenant,4,53,0.322091613357449
42,34000,Employed,0.55,Yes,Tenant,85,40,0.380088141906835
42,37000,Unknown,0.05,Yes,Tenant,34,17,0.379995260039422
48,50000,Unknown,0.07,Yes,Home Owner,67,47,0.164111076127903
39,37000,Employed,0.05,Yes,Tenant,3,42,0.313306652711624
54,40000,Unknown,0.62,Yes,Tenant,11,42,0.420078950424251
40,40000,Unknown,0.09,Yes,Tenant,72,8,0.502586976677197
44,38000,Employed,0.02,Yes,Tenant,35,28,0.373213291230374
49,37000,Employed,0.3,Yes,Home Owner,64,8,0.329195056622996
57,45000,Unknown,0.25,Yes,Tenant,28,27,0.383492627082357
52,38000,Unknown,0.12,Yes,Tenant,7,34,0.43426711900881
44,39000,Employed,0.48,Yes,Tenant,6,19,0.422429899336029
35,42000,Unknown,0.07,No,Tenant,39,42,0.561217265595989
52,39000,Unknown,0.36,Yes,Tenant,50,57,0.322688271541987
66,45000,Employed,0.08,Yes,Home Owner,19,13,0.228966513839903
55,39000,Employed,0.01,Yes,Home Owner,79,57,0.215774353437077
45,39000,Employed,0.07,Yes,Tenant,20,31,0.373213291230374
59,45000,Unknown,0.05,No,Home Owner,15,19,0.29041055201745
38,51000,Unknown,0.58,Yes,Home Owner,59,7,0.404770713656572
41,33000,Employed,0.12,Yes,Home Owner,18,92,0.118580645212685
40,42000,Employed,0.26,Yes,Home Owner,28,121,0.138791338835586
47,43000,Unknown,0.04,Yes,Home Owner,45,51,0.194689468573481
38,30000,Employed,0.06,Yes,Home Owner,30,49,0.2338919590999
38,27000,Unknown,0.08,Yes,Tenant,39,7,0.572899320660488
47,37000,Employed,0.43,Yes,Tenant,72,10,0.41505866787108
69,54000,Unknown,0.15,Yes,Other,54,4,0.236059884666033
42,38000,Employed,0.01,Yes,Home Owner,20,3,0.288880278155683
37,40000,Employed,0.02,Yes,Home Owner,23,21,0.280359615196588
30,34000,Unknown,0.17,Yes,Home Owner,49,38,0.53577935805772
30,26000,Unknown,0.25,Yes,Tenant,36,36,0.692335166396219
35,37000,Employed,0.08,Yes,Tenant,119,41,0.330779113568002
46,34000,Unknown,0.0,Yes,Tenant,55,17,0.34788925122551
43,30000,Employed,1.62,Yes,Tenant,46,11,0.502805356684501
58,39000,Unknown,0.2,Yes,Home Owner,42,7,0.280373358087339
35,37000,Unknown,0.01,Yes,Tenant,46,24,0.422174193206438
50,41000,Employed,0.28,Yes,Home Owner,28,18,0.297253913692992
43,35000,Unknown,0.22,Yes,Home Owner,67,4,0.46579366007106
45,21000,Unknown,0.0,Yes,Home Owner,17,56,0.365890817648175
34,41000,Employed,0.15,Yes,Tenant,18,88,0.209476835515124
59,45000,Unknown,0.09,No,Home Owner,106,16,0.37275617547715
64,50000,Employed,0.0,Yes,Home Owner,49,35,0.137340781142218
61,52000,Employed,0.18,Yes,Tenant,70,28,0.157182269454374
28,34000,Employed,0.01,Yes,Home Owner,48,85,0.193470808534937
65,46000,Unknown,0.53,Yes,Home Owner,43,18,0.295147809636141
55,47000,Employed,0.17,Yes,Tenant,11,58,0.184286552152178
37,32000,Unknown,0.34,Yes,Home Owner,21,14,0.504550416310379
49,39000,Employed,0.22,Yes,Tenant,21,12,0.256477732160533
51,45000,Employed,0.64,Yes,Home Owner,16,17,0.306163154845804
24,31000,Unknown,0.05,Yes,Home Owner,27,25,0.538156546077472
38,40000,Employed,0.08,Yes,Home Owner,28,31,0.278133784266714
37,42000,Employed,1.09,No,Home Owner,106,15,0.419522659882208
46,44000,Unknown,0.17,Yes,Tenant,8,35,0.434325782058369
44,45000,Unknown,0.08,Yes,Tenant,23,49,0.327263463756197
47,41000,Employed,0.5,Yes,Other,10,60,0.177291523547325
50,44000,Employed,0.1,Yes,Home Owner,71,95,0.118225265532151
56,45000,Unknown,0.13,No,Other,3,45,0.208314886393094
51,36000,Employed,0.36,Yes,Tenant,20,70,0.243745412794171
37,33000,Unknown,0.02,Yes,Tenant,30,13,0.412520537302341
50,33000,Employed,0.42,Yes,Other,13,41,0.29188866645942
50,49000,Unknown,0.25,No,Tenant,82,10,0.458092138843516
42,40000,Employed,0.74,No,Tenant,70,33,0.503853234497089
61,51000,Unknown,0.0,Yes,Home Owner,54,51,0.132784098240445
37,43000,Employed,0.28,Yes,Tenant,23,62,0.268024981327152
41,42000,Employed,0.97,Yes,Tenant,13,64,0.285609075989187
36,37000,Employed,0.53,No,Home Owner,51,14,0.467861138607489
60,44000,Unknown,0.08,Yes,Home Owner,45,82,0.1338721716509
53,39000,Employed,0.23,Yes,Home Owner,119,15,0.299519594678937
50,50000,Unknown,0.32,Yes,Home Owner,57,19,0.307018545281577
46,36000,Employed,0.02,Yes,Home Owner,4,8,0.255617574725905
73,56000,Unknown,0.01,Yes,Home Owner,2,102,0.113111864324546
66,59000,Unknown,0.5,Yes,Other,22,40,0.210282806909166
42,43000,Employed,0.03,Yes,Home Owner,95,14,0.231171150058876
29,38000,Unknown,0.02,Yes,Tenant,28,6,0.463449544812674
59,46000,Unknown,0.31,Yes,Tenant,13,14,0.329090374473228
48,48000,Unknown,0.0,Yes,Tenant,100,55,0.186981765141878
44,41000,Employed,0.32,Yes,Other,31,2,0.312571003114607
38,30000,Employed,0.07,No,Home Owner,39,7,0.435922484119007
36,35000,Unknown,0.39,Yes,Home Owner,21,33,0.475249214751345
32,28000,Employed,0.0,No,Home Owner,26,15,0.513903821522943
34,29000,Employed,0.15,Yes,Home Owner,63,28,0.424671855994526
41,34000,Employed,0.07,Yes,Tenant,33,38,0.296889458011687
51,48000,Employed,0.01,Yes,Tenant,65,34,0.296679043124649
44,33000,Unknown,0.0,Yes,Other,12,4,0.325152240811359
42,47000,Unknown,0.17,Yes,Home Owner,5,26,0.344981076527166
48,35000,Employed,0.18,No,Tenant,23,10,0.359738976193728
34,37000,Employed,0.2,Yes,Tenant,38,31,0.417831122697301
54,45000,Employed,0.27,No,Home Owner,100,52,0.249087379043959
36,46000,Unknown,0.6,Yes,Home Owner,5,46,0.333582742451884
55,57000,Unknown,0.25,Yes,Other,5,38,0.293173735885064
64,55000,Employed,0.24,Yes,Tenant,95,24,0.247540367142938
26,25000,Unknown,0.57,Yes,Home Owner,26,75,0.37114272803
36,32000,Employed,0.14,Yes,Tenant,51,76,0.181834115848676
47,38000,Unknown,0.01,Yes,Home Owner,76,77,0.140341390238742
45,31000,Unknown,0.1,Yes,Tenant,112,60,0.322091613357449
37,33000,Unknown,0.32,Yes,Other,66,7,0.449344922055131
38,28000,Unknown,0.01,No,Tenant,22,16,0.623875973970609
39,39000,Employed,0.05,Yes,Tenant,26,107,0.145507316214704
35,30000,Employed,0.54,Yes,Other,15,8,0.400288714915905
22,23000,Employed,0.27,Yes,Home Owner,51,23,0.528622263929826
43,36000,Employed,0.86,Yes,Tenant,53,71,0.181824875778601
57,41000,Employed,0.0,Yes,Other,19,3,0.206674809296592
38,23000,Unknown,0.05,Yes,Other,39,77,0.222982493323055
48,38000,Unknown,0.2,No,Home Owner,21,70,0.365967970917369
47,35000,Unknown,0.02,Yes,Home Owner,28,42,0.30430492490224
49,45000,Employed,0.0,No,Other,25,16,0.327949502660473
57,37000,Unknown,0.06,Yes,Tenant,55,39,0.335233836076032
55,47000,Unknown,0.36,Yes,Home Owner,32,12,0.349894209382922
49,46000,Unknown,0.78,Yes,Tenant,29,28,0.394703118054122
40,21000,Unknown,0.12,Yes,Home Owner,3,20,0.472774670482084
45,49000,Employed,0.02,No,Tenant,20,9,0.321293209265593
51,35000,Employed,0.43,Yes,Other,12,25,0.184962362937081
55,45000,Employed,0.23,Yes,Tenant,37,22,0.308458681849731
38,34000,Employed,0.27,Yes,Home Owner,69,26,0.368035695029157
27,28000,Unknown,0.12,Yes,Tenant,15,13,0.65192860814992
45,35000,Unknown,0.01,Yes,Tenant,79,32,0.377393231725913
58,47000,Unknown,0.01,No,Home Owner,111,22,0.329023420902134
50,49000,Unknown,0.2,Yes,Home Owner,38,31,0.231807281627962
41,44000,Employed,0.33,No,Other,15,11,0.356559953677845
48,50000,Employed,0.02,Yes,Other,58,30,0.137240705224553
43,39000,Employed,0.11,Yes,Other,65,121,0.128790168641338
28,36000,Employed,0.07,Yes,Home Owner,85,11,0.420066190447509
56,43000,Employed,1.02,Yes,Other,24,74,0.112624382810972
27,38000,Unknown,0.05,Yes,Tenant,24,65,0.412868759973465
47,31000,Unknown,0.1,Yes,Tenant,132,20,0.38429840535016
36,27000,Unknown,0.1,Yes,Tenant,154,43,0.64517449830584
42,40000,Unknown,0.21,No,Home Owner,52,89,0.282487786411748
56,53000,Unknown,0.21,Yes,Tenant,35,68,0.250347030301424
63,45000,Employed,0.01,No,Tenant,40,55,0.172663471637442
45,37000,Employed,0.59,Yes,Home Owner,35,38,0.337005815911596
67,58000,Unknown,0.12,No,Other,43,16,0.285998857193785
50,52000,Employed,0.01,Yes,Tenant,57,46,0.134638800024495
49,42000,Employed,0.13,Yes,Tenant,14,2,0.251670775616093
38,21000,Unknown,0.2,Yes,Home Owner,26,72,0.348433214855149
52,47000,Employed,0.23,Yes,Home Owner,38,39,0.237072253485378
29,48000,Employed,0.02,Yes,Home Owner,14,20,0.233516961228752
44,33000,Unknown,0.1,Yes,Home Owner,45,11,0.382078002803709
59,38000,Unknown,0.01,Yes,Tenant,50,38,0.282272253099827
37,33000,Unknown,0.02,Yes,Tenant,9,23,0.409843014810784
26,31000,Unknown,0.18,Yes,Tenant,85,56,0.45863243875561
43,33000,Unknown,0.11,No,Tenant,40,62,0.365617990937023
45,49000,Employed,0.41,No,Tenant,3,43,0.383077065058578
32,38000,Employed,0.19,Yes,Home Owner,86,17,0.38692407851379
49,35000,Unknown,0.47,No,Home Owner,68,14,0.48462687260278
31,30000,Employed,0.0,Yes,Home Owner,52,80,0.161974932739261
50,48000,Employed,0.1,No,Home Owner,38,12,0.298426294947322
24,26000,Unknown,0.02,No,Tenant,3,8,0.677521967010251
48,40000,Employed,0.02,Yes,Home Owner,19,11,0.250559510318801
37,48000,Unknown,0.0,Yes,Tenant,10,12,0.409707492411318
43,49000,Employed,0.26,Yes,Tenant,66,46,0.157549960115211
37,32000,Unknown,0.21,No,Other,57,57,0.420181096580368
32,25000,Employed,0.33,Yes,Tenant,50,22,0.570497996948847
56,49000,Unknown,0.11,Yes,Tenant,27,24,0.261164564639017
34,47000,Unknown,0.52,Yes,Tenant,6,46,0.326070977235353
37,31000,Employed,0.26,Yes,Other,7,71,0.194018488032557
48,35000,Unknown,0.0,Yes,Home Owner,50,16,0.303273529348471
51,44000,Unknown,0.1,Yes,Home Owner,31,23,0.34683973948097
48,44000,Employed,0.21,Yes,Tenant,33,20,0.226622817157236
46,31000,Unknown,0.54,Yes,Tenant,58,9,0.558231185099251
41,29000,Employed,0.74,Yes,Other,33,13,0.369537130697685
54,35000,Unknown,0.42,Yes,Home Owner,59,38,0.384654889752109
41,35000,Employed,0.22,Yes,Other,27,34,0.283712097925715
46,35000,Employed,0.34,No,Home Owner,113,79,0.185399453680744
29,39000,Employed,1.61,Yes,Tenant,46,24,0.470404950666832
34,42000,Employed,0.01,Yes,Home Owner,70,28,0.342310208074807
53,54000,Employed,0.23,No,Tenant,94,55,0.242785136339711
50,36000,Employed,0.2,Yes,Tenant,46,6,0.376025293406019
34,44000,Unknown,0.12,Yes,Home Owner,45,59,0.256354122201696
38,27000,Unknown,0.01,Yes,Tenant,53,22,0.629229257848076
43,40000,Unknown,0.02,Yes,Tenant,6,39,0.374853716354719
30,38000,Unknown,0.12,Yes,Tenant,116,15,0.522175052999995
49,37000,Employed,0.15,Yes,Tenant,10,51,0.243745412794171
51,53000,Unknown,0.52,Yes,Home Owner,12,20,0.317143503342266
43,37000,Employed,0.11,Yes,Home Owner,24,19,0.384375771195256
56,51000,Employed,0.01,Yes,Tenant,25,5,0.21722430384334
51,40000,Employed,0.26,Yes,Home Owner,31,61,0.213948668566516
46,50000,Employed,0.03,Yes,Home Owner,39,89,0.0718519335257212
45,38000,Unknown,0.29,Yes,Home Owner,23,9,0.375188943688518
30,33000,Unknown,0.01,No,Tenant,40,12,0.523772421338562
36,27000,Unknown,1.71,Yes,Home Owner,67,35,0.653458335205494
48,42000,Employed,0.26,Yes,Home Owner,49,85,0.118225265532151
36,55000,Employed,0.34,Yes,Tenant,65,31,0.334700618366784
36,29000,Unknown,0.04,Yes,Home Owner,25,58,0.415170072505832
40,39000,Employed,0.28,Yes,Tenant,15,65,0.210609686561165
33,25000,Unknown,0.69,Yes,Other,24,12,0.597697056332623
39,38000,Unknown,0.67,Yes,Tenant,17,11,0.543655074554427
32,28000,Unknown,0.22,Yes,Home Owner,57,92,0.288989315331975
29,33000,Employed,0.55,No,Home Owner,46,53,0.418930977120293
45,31000,Unknown,0.18,No,Tenant,33,16,0.603431094438385
25,26000,Unknown,0.74,No,Tenant,38,10,0.753132064948976
39,34000,Unknown,0.15,Yes,Home Owner,26,19,0.465359338973487
39,36000,Unknown,0.64,Yes,Tenant,61,11,0.531931815283626
40,22000,Unknown,0.04,No,Tenant,38,31,0.595859571264375
53,49000,Employed,0.04,Yes,Other,25,55,0.130648478650617
49,43000,Employed,0.1,Yes,Home Owner,15,12,0.275769406937427
29,44000,Employed,0.01,Yes,Home Owner,55,17,0.269657024797048
58,43000,Unknown,0.44,Yes,Home Owner,62,43,0.334705201891077
54,37000,Employed,0.03,Yes,Tenant,51,103,0.112946390759862
39,22000,Unknown,0.26,Yes,Home Owner,27,52,0.494247657712649
50,48000,Unknown,0.22,No,Home Owner,71,10,0.430681611608349
44,33000,Unknown,0.55,Yes,Home Owner,125,32,0.484508912660361
48,36000,Employed,0.33,Yes,Tenant,5,22,0.333726879307786
59,53000,Employed,0.01,Yes,Tenant,22,6,0.177916600755301
41,43000,Employed,0.2,Yes,Home Owner,13,5,0.333817035714634
37,26000,Employed,0.14,Yes,Home Owner,62,16,0.494973424697572
55,38000,Employed,0.12,Yes,Home Owner,45,8,0.252597212883783
31,32000,Employed,0.8,Yes,Home Owner,8,49,0.372787405644712
42,37000,Employed,0.68,Yes,Home Owner,48,8,0.37101886871903
48,40000,Unknown,0.59,Yes,Tenant,48,4,0.456700824610463
30,28000,Unknown,0.73,Yes,Home Owner,48,73,0.37114272803
36,35000,Employed,0.53,Yes,Home Owner,34,83,0.186112742719234
44,28000,Unknown,0.36,Yes,Tenant,61,17,0.604004976769823
29,24000,Employed,0.02,Yes,Home Owner,3,24,0.424206071093066
36,46000,Unknown,0.06,Yes,Home Owner,106,17,0.485864472543668
40,39000,Unknown,0.07,Yes,Tenant,65,43,0.377393231725913
42,37000,Unknown,0.03,Yes,Home Owner,23,67,0.251871599448589
47,39000,Employed,0.16,Yes,Tenant,60,34,0.257408778498702
44,19000,Unknown,1.0,Yes,Tenant,3,17,0.615228836021247
43,19000,Unknown,0.53,Yes,Tenant,78,49,0.495326074927967
61,39000,Unknown,0.18,No,Home Owner,73,122,0.213029787721056
48,44000,Employed,0.25,Yes,Tenant,73,9,0.328111015936861
51,37000,Unknown,0.43,No,Tenant,22,34,0.417144645460541
59,52000,Unknown,0.01,No,Other,32,9,0.231958911431922
46,33000,Employed,0.98,Yes,Home Owner,4,11,0.384138393446062
54,44000,Unknown,0.12,Yes,Tenant,37,50,0.288112710244409
49,39000,Employed,0.02,Yes,Home Owner,91,20,0.227485078720433
59,40000,Unknown,0.08,Yes,Home Owner,103,67,0.238832986054942
41,32000,Unknown,0.07,Yes,Home Owner,55,57,0.381723060996681
36,38000,Unknown,0.14,Yes,Tenant,59,29,0.526547610526385
42,40000,Unknown,0.06,Yes,Tenant,38,11,0.502586976677197
40,30000,Employed,0.09,Yes,Tenant,34,50,0.243242300750031
40,45000,Employed,0.01,Yes,Other,13,45,0.179599520739999
31,28000,Unknown,0.03,Yes,Tenant,9,23,0.649414907919103
44,40000,Unknown,0.47,Yes,Tenant,67,7,0.514374217176981
31,24000,Employed,0.04,Yes,Tenant,34,10,0.592540369113912
54,44000,Employed,0.92,Yes,Home Owner,19,78,0.140064548109805
43,38000,Employed,0.18,Yes,Tenant,106,52,0.279232031614405
57,48000,Unknown,0.15,No,Other,26,39,0.326400774387267
49,34000,Employed,0.01,Yes,Tenant,16,17,0.262101437445791
48,38000,Unknown,0.1,Yes,Other,91,21,0.329989221671448
44,43000,Employed,0.09,Yes,Home Owner,78,28,0.301579224816732
45,41000,Unknown,0.01,Yes,Tenant,6,78,0.182869505491197
49,48000,Unknown,0.01,Yes,Tenant,70,8,0.290881476813336
46,40000,Employed,0.03,Yes,Other,46,118,0.0784536651270572
21,21000,Employed,0.01,No,Tenant,37,84,0.313717634284673
58,43000,Unknown,0.34,Yes,Tenant,19,114,0.153301604090678
73,51000,Unknown,0.32,Yes,Home Owner,32,5,0.214513965515344
45,42000,Employed,0.02,Yes,Home Owner,13,13,0.303913690069848
55,42000,Employed,0.44,No,Tenant,22,16,0.376507517575898
46,43000,Employed,0.19,Yes,Tenant,41,27,0.227478644088105
53,35000,Employed,0.15,Yes,Home Owner,31,34,0.29720447082117
43,38000,Employed,0.18,Yes,Tenant,5,7,0.420072979166752
50,50000,Unknown,0.01,No,Home Owner,59,37,0.299845586499442
35,28000,Employed,0.13,No,Home Owner,42,27,0.598441847498053
33,47000,Employed,0.19,Yes,Home Owner,36,37,0.300438530972076
67,44000,Unknown,0.1,Yes,Home Owner,32,68,0.156517807188532
47,49000,Employed,0.07,Yes,Home Owner,73,4,0.194005582275429
44,36000,Employed,0.06,Yes,Tenant,6,22,0.375803895381083
53,39000,Employed,0.28,Yes,Tenant,9,26,0.375698843017832
50,49000,Unknown,0.21,No,Other,89,7,0.359924551892237
51,52000,Employed,0.08,Yes,Tenant,42,41,0.257739040098355
27,28000,Unknown,0.1,Yes,Home Owner,39,39,0.612600976544767
51,37000,Employed,0.16,Yes,Tenant,3,22,0.256477732160533
53,48000,Employed,0.23,Yes,Other,42,17,0.138555424960853
46,51000,Unknown,0.01,Yes,Tenant,101,86,0.162930290839866
43,43000,Unknown,0.13,Yes,Home Owner,20,6,0.337793536491434
52,50000,Employed,0.31,Yes,Tenant,20,23,0.257739040098355
32,34000,Employed,0.39,No,Home Owner,51,19,0.479791722522873
42,37000,Unknown,0.11,No,Tenant,51,22,0.465189576457556
42,35000,Employed,0.16,Yes,Home Owner,37,15,0.33948121638331
74,45000,Unknown,0.06,Yes,Other,25,5,0.205023242410032
34,18000,Unknown,0.07,Yes,Other,73,57,0.440387580124922
50,34000,Employed,0.31,Yes,Tenant,2,49,0.249183503921592
43,41000,Unknown,0.23,Yes,Tenant,46,7,0.41032255260622
33,33000,Employed,0.0,Yes,Home Owner,16,8,0.335196768723757
40,36000,Employed,0.09,Yes,Home Owner,50,75,0.115554120373404
32,36000,Employed,0.02,Yes,Other,68,13,0.252996053356601
40,37000,Employed,0.05,Yes,Tenant,57,16,0.293099607513732
33,32000,Unknown,0.08,Yes,Home Owner,31,85,0.219022619084433
55,48000,Employed,0.09,No,Home Owner,51,26,0.306040247070009
42,32000,Employed,0.68,Yes,Tenant,77,10,0.466001402769067
40,36000,Employed,0.46,Yes,Tenant,95,29,0.373213291230374
49,45000,Employed,0.15,Yes,Tenant,3,67,0.249592664595954
50,33000,Employed,0.0,Yes,Tenant,5,20,0.262101437445791
50,40000,Unknown,0.31,Yes,Home Owner,37,26,0.382096498278724
54,43000,Employed,0.02,Yes,Home Owner,46,18,0.200096771906613
39,39000,Unknown,0.19,Yes,Home Owner,60,127,0.237813895697244
66,45000,Employed,0.32,No,Tenant,33,24,0.242862554924873
27,36000,Employed,0.65,Yes,Home Owner,84,23,0.384304013423373
44,36000,Employed,0.12,Yes,Home Owner,38,2,0.288880278155683
39,44000,Employed,0.02,Yes,Tenant,54,14,0.373641890785949
53,38000,Employed,0.0,Yes,Tenant,63,16,0.256477732160533
49,42000,Employed,0.0,Yes,Other,32,12,0.163126654866657
49,53000,Unknown,0.06,Yes,Home Owner,32,3,0.337079452576759
60,55000,Employed,0.14,Yes,Home Owner,34,18,0.138656305497949
45,40000,Unknown,0.23,Yes,Home Owner,63,2,0.372655383112019
54,35000,Employed,0.43,No,Other,40,4,0.351789365337845
51,53000,Employed,0.01,Yes,Other,78,5,0.155830860312522
48,48000,Employed,0.11,Yes,Tenant,132,47,0.184286552152178
52,54000,Employed,0.76,Yes,Home Owner,12,10,0.26503116453654
44,31000,Employed,0.01,Yes,Home Owner,58,60,0.215312538525459
40,28000,Unknown,1.62,Yes,Tenant,115,4,0.680165011218009
50,35000,Employed,0.01,Yes,Home Owner,33,6,0.252597212883783
53,37000,Unknown,0.05,Yes,Home Owner,62,65,0.218806551571683
44,39000,Employed,0.08,Yes,Tenant,91,9,0.408628368168375
56,41000,Employed,0.29,Yes,Home Owner,32,8,0.337269610053001
61,42000,Unknown,0.48,No,Home Owner,13,30,0.38123603449738
60,46000,Unknown,0.19,Yes,Home Owner,19,29,0.292852349959548
41,41000,Unknown,0.31,Yes,Tenant,6,24,0.514026602841381
57,40000,Unknown,0.09,Yes,Home Owner,38,29,0.393292212514476
47,37000,Unknown,0.1,Yes,Home Owner,74,51,0.29240769515264
58,48000,Unknown,0.23,Yes,Tenant,42,2,0.317185185069824
52,44000,Employed,0.09,Yes,Tenant,9,61,0.158643372613352
54,49000,Employed,0.74,Yes,Home Owner,45,13,0.230603971233732
50,37000,Unknown,0.01,Yes,Tenant,36,6,0.369167629933166
31,37000,Unknown,0.18,Yes,Home Owner,65,36,0.479883250932489
35,51000,Employed,0.39,Yes,Tenant,11,32,0.334700618366784
37,26000,Unknown,0.0,Yes,Home Owner,8,49,0.482463420607288
43,34000,Unknown,0.23,Yes,Tenant,56,78,0.188938624009471
39,30000,Unknown,0.06,Yes,Other,42,51,0.338019829442233
40,40000,Employed,0.33,Yes,Tenant,40,30,0.38175308497417
24,32000,Employed,0.07,Yes,Home Owner,37,8,0.375378138505961
37,37000,Employed,0.32,Yes,Home Owner,11,87,0.174291696414055
51,39000,Employed,0.45,Yes,Other,44,30,0.285873445496227
59,41000,Unknown,0.14,Yes,Tenant,14,11,0.395980182106255
54,42000,Employed,0.1,No,Home Owner,30,59,0.249087379043959
37,34000,Employed,0.15,Yes,Tenant,33,97,0.149186027189894
56,37000,Employed,0.06,Yes,Other,5,12,0.249919302301893
51,50000,Unknown,0.16,Yes,Tenant,6,69,0.186981765141878
48,54000,Unknown,0.33,Yes,Home Owner,32,25,0.304670669262413
45,34000,Unknown,0.13,Yes,Tenant,35,66,0.370940736139458
52,46000,Employed,0.12,Yes,Tenant,113,91,0.135739692583829
45,34000,Employed,0.08,Yes,Home Owner,70,50,0.263076898449909
39,24000,Unknown,0.6,Yes,Home Owner,35,13,0.637676297695749
46,41000,Unknown,0.11,Yes,Home Owner,47,57,0.331823180795002
56,50000,Employed,0.04,Yes,Tenant,83,67,0.184286552152178
43,34000,Employed,0.01,Yes,Home Owner,61,38,0.264956492993278
45,46000,Employed,0.02,No,Tenant,35,6,0.364556739077223
37,41000,Unknown,0.2,No,Home Owner,26,8,0.576633870068685
48,39000,Unknown,0.03,Yes,Other,51,54,0.240651528156161
37,28000,Employed,0.25,Yes,Tenant,22,35,0.53171828569785
42,37000,Employed,0.9,Yes,Home Owner,46,22,0.350135825545579
44,40000,Unknown,0.62,Yes,Home Owner,14,8,0.511680130048947
37,26000,Unknown,0.06,Yes,Home Owner,16,16,0.499430453764976
50,51000,Unknown,0.05,Yes,Tenant,93,29,0.261164564639017
36,33000,Employed,0.1,Yes,Home Owner,36,33,0.302886293709452
32,24000,Unknown,0.07,Yes,Tenant,26,43,0.560573091879491
37,41000,Employed,0.07,Yes,Other,14,53,0.163418204572866
44,33000,Employed,0.0,Yes,Other,13,84,0.132111581241147
52,50000,Unknown,0.71,Yes,Home Owner,29,88,0.146344332119949
46,33000,Employed,0.08,Yes,Home Owner,24,38,0.233543779058038
36,27000,Employed,0.12,Yes,Tenant,16,8,0.588048419794496
50,44000,Unknown,0.0,Yes,Home Owner,43,26,0.267775186538158
37,35000,Unknown,0.83,Yes,Tenant,72,15,0.497535702266175
32,42000,Employed,0.92,Yes,Tenant,45,7,0.430392455325451
35,26000,Unknown,0.0,Yes,Tenant,20,39,0.555992801742062
43,40000,Employed,0.07,Yes,Tenant,43,10,0.320071978238494
35,32000,Unknown,0.25,No,Home Owner,26,65,0.409625940061422
42,30000,Unknown,0.29,No,Tenant,99,68,0.494726447575383
49,39000,Employed,0.08,Yes,Home Owner,99,45,0.159300260666224
72,61000,Unknown,1.29,No,Tenant,12,10,0.44471544822226
57,39000,Unknown,0.01,Yes,Other,10,13,0.253276360420995
32,31000,Employed,0.02,Yes,Other,62,21,0.372046514527693
38,27000,Employed,0.09,Yes,Tenant,61,83,0.297646053444568
37,33000,Employed,0.09,No,Other,2,9,0.427712453212853
49,46000,Unknown,0.01,Yes,Home Owner,15,39,0.267775186538158
45,34000,Unknown,0.09,Yes,Tenant,22,72,0.188938624009471
37,41000,Unknown,0.06,Yes,Home Owner,64,33,0.36287009249049
41,43000,Unknown,0.59,Yes,Home Owner,94,79,0.224442002947377
50,35000,Unknown,0.0,Yes,Home Owner,7,17,0.303273529348471
42,56000,Employed,0.23,No,Other,81,5,0.313776821913805
24,28000,Unknown,0.1,Yes,Home Owner,78,56,0.507109672142444
58,51000,Employed,0.44,Yes,Tenant,84,80,0.0917926328041527
30,24000,Unknown,0.54,Yes,Tenant,37,12,0.662553016804737
46,36000,Employed,0.11,Yes,Other,107,16,0.252918479347686
34,35000,Employed,0.41,No,Home Owner,75,10,0.502256402819576
41,35000,Unknown,0.01,Yes,Home Owner,76,18,0.343490400400464
36,34000,Employed,0.02,Yes,Tenant,6,54,0.335134154216519
45,24000,Unknown,0.06,Yes,Home Owner,58,63,0.365890817648175
38,43000,Employed,0.08,Yes,Home Owner,34,21,0.326952949390446
27,39000,Employed,0.04,Yes,Tenant,43,28,0.334903505331897
28,27000,Employed,0.52,Yes,Tenant,8,8,0.592540369113912
38,27000,Unknown,0.36,No,Other,14,11,0.65842202402843
38,33000,Employed,0.66,Yes,Home Owner,4,23,0.368035695029157
49,45000,Employed,0.36,Yes,Tenant,16,21,0.298489792062059
54,39000,Employed,0.13,Yes,Tenant,83,105,0.156037459330544
41,33000,Employed,0.03,Yes,Tenant,100,58,0.215519182376444
57,40000,Unknown,0.36,Yes,Other,36,2,0.358634073612524
40,30000,Unknown,0.59,No,Home Owner,103,11,0.644264453350416
43,30000,Unknown,0.15,No,Other,17,29,0.408076405224197
29,36000,Unknown,0.62,Yes,Other,59,6,0.466553965390128
33,32000,Employed,0.01,Yes,Home Owner,66,28,0.337019693647636
49,38000,Unknown,0.28,Yes,Home Owner,105,5,0.420427422229428
61,42000,Unknown,0.01,Yes,Other,31,63,0.126327795484124
46,35000,Employed,0.0,No,Home Owner,9,4,0.327663583270126
39,29000,Unknown,0.86,Yes,Other,19,10,0.525252354852
47,48000,Employed,0.23,Yes,Home Owner,47,32,0.23147033292315
52,36000,Unknown,0.26,Yes,Tenant,24,33,0.422717676853361
51,50000,Unknown,0.07,Yes,Home Owner,26,92,0.101222861440531
47,35000,Unknown,0.24,Yes,Home Owner,91,49,0.221542635800219
73,47000,Unknown,0.27,Yes,Other,76,56,0.14766423489143
46,37000,Unknown,0.21,Yes,Tenant,12,43,0.426611121315116
52,43000,Unknown,0.05,Yes,Home Owner,73,77,0.16540689059531
60,57000,Unknown,0.03,Yes,Home Owner,51,41,0.190502937969149
42,39000,Unknown,0.47,No,Home Owner,22,14,0.518816857559993
43,43000,Employed,0.02,Yes,Home Owner,57,21,0.231171150058876
50,46000,Unknown,0.41,Yes,Home Owner,13,57,0.256779000762021
67,48000,Employed,0.12,No,Home Owner,84,32,0.184304262788691
33,25000,Unknown,0.19,Yes,Home Owner,120,22,0.610816106112839
63,56000,Unknown,0.15,Yes,Home Owner,38,16,0.192214216825036
32,33000,Unknown,0.0,Yes,Tenant,19,23,0.433889676915542
46,43000,Employed,0.04,Yes,Home Owner,101,38,0.200878444253966
59,42000,Unknown,0.41,Yes,Other,43,21,0.246017217212001
54,46000,Unknown,0.18,Yes,Other,37,49,0.212113285894386
28,30000,Unknown,0.32,Yes,Home Owner,58,28,0.538156546077472
63,49000,Employed,0.12,Yes,Home Owner,34,37,0.137340781142218
57,37000,Unknown,0.16,No,Tenant,17,36,0.417144645460541
67,49000,Unknown,0.12,Yes,Tenant,134,7,0.317185185069824
35,33000,Employed,0.34,Yes,Tenant,13,74,0.216195368257328
54,38000,Unknown,0.1,Yes,Tenant,80,16,0.425418678284279
33,29000,Employed,0.01,Yes,Other,60,6,0.400288714915905
49,48000,Unknown,0.07,Yes,Tenant,55,6,0.290881476813336
56,51000,Unknown,0.0,No,Home Owner,27,13,0.302172438069497
41,35000,Unknown,0.02,Yes,Home Owner,10,55,0.328346072667619
64,45000,Unknown,0.05,Yes,Other,40,60,0.126327795484124
54,39000,Employed,0.04,Yes,Tenant,5,7,0.283615362559166
49,47000,Unknown,0.06,Yes,Home Owner,15,12,0.233782440689832
49,40000,Employed,0.03,Yes,Home Owner,132,5,0.250559510318801
21,22000,Employed,0.06,Yes,Other,31,51,0.27193948633125
33,42000,Employed,0.03,Yes,Tenant,36,15,0.2980235717937
43,32000,Employed,0.0,Yes,Home Owner,27,36,0.379800099881883
54,37000,Unknown,0.04,Yes,Tenant,33,3,0.459387363773501
69,50000,Unknown,0.37,Yes,Home Owner,119,23,0.254687668226972
55,59000,Employed,0.14,Yes,Home Owner,7,15,0.230603971233732
39,48000,Employed,0.41,Yes,Home Owner,64,17,0.28614249664282
36,28000,Unknown,0.07,No,Other,89,34,0.642790051927599
63,51000,Unknown,0.67,Yes,Other,69,6,0.244670963175069
49,37000,Unknown,0.96,Yes,Tenant,9,92,0.249250755072033
41,35000,Employed,0.07,Yes,Home Owner,59,14,0.261422712299826
66,48000,Unknown,0.11,Yes,Home Owner,58,3,0.214513965515344
56,42000,Employed,0.07,Yes,Home Owner,20,7,0.223058491096939
36,40000,Employed,0.02,Yes,Home Owner,9,26,0.294485917035669
46,39000,Unknown,0.09,No,Other,113,27,0.326021175006745
22,23000,Employed,0.09,Yes,Tenant,39,71,0.318664346033826
40,38000,Employed,0.05,Yes,Tenant,58,16,0.293099607513732
56,56000,Unknown,0.06,Yes,Tenant,11,55,0.259302380440881
37,42000,Unknown,0.14,Yes,Tenant,122,6,0.39934338406364
38,30000,Unknown,0.37,Yes,Home Owner,40,50,0.443224907524364
60,45000,Unknown,0.81,Yes,Home Owner,14,47,0.212254527016787
51,48000,Unknown,0.91,Yes,Home Owner,2,45,0.257236595768621
36,31000,Employed,0.07,Yes,Tenant,57,9,0.408643377404055
46,40000,Employed,0.13,Yes,Home Owner,50,37,0.298273601477357
69,52000,Unknown,0.55,No,Other,74,24,0.274258947275304
45,45000,Unknown,0.13,Yes,Tenant,22,48,0.25094692992218
48,32000,Employed,0.04,Yes,Home Owner,69,56,0.185854578420003
35,37000,Unknown,0.15,Yes,Tenant,102,18,0.517538992769785
32,31000,Unknown,0.41,Yes,Other,33,9,0.501280075003617
34,35000,Unknown,0.3,Yes,Other,69,14,0.416421450775587
54,55000,Unknown,0.13,Yes,Other,27,74,0.113027130088573
48,37000,Unknown,0.07,Yes,Other,18,70,0.240651528156161
50,45000,Unknown,0.12,Yes,Home Owner,22,36,0.267775186538158
34,25000,Unknown,0.07,Yes,Home Owner,80,49,0.502466714024969
58,40000,Employed,0.64,Yes,Other,14,2,0.263835672774902
41,30000,Unknown,0.06,Yes,Home Owner,11,25,0.475123589291396
44,39000,Unknown,0.02,Yes,Home Owner,90,29,0.341000858419398
56,50000,Employed,0.29,Yes,Home Owner,13,29,0.237072253485378
32,40000,Employed,0.22,Yes,Home Owner,38,58,0.286598987173996
55,51000,Unknown,0.06,No,Tenant,8,11,0.458092138843516
48,38000,Unknown,0.14,Yes,Home Owner,12,72,0.189169913047943
64,46000,Unknown,0.08,Yes,Home Owner,39,18,0.223828743735075
46,37000,Employed,0.35,Yes,Other,42,26,0.259801318805909
62,41000,Unknown,0.03,Yes,Home Owner,57,2,0.278194987713969
58,50000,Unknown,0.42,Yes,Home Owner,69,11,0.283950837444226
43,46000,Unknown,0.01,Yes,Home Owner,40,17,0.307698505388944
51,46000,Unknown,0.15,Yes,Home Owner,53,94,0.120096570061038
53,48000,Employed,0.01,Yes,Home Owner,96,13,0.17109535058152
50,53000,Employed,0.28,Yes,Home Owner,70,29,0.169532631981857
39,56000,Unknown,0.23,Yes,Tenant,34,2,0.443389743215079
36,31000,Employed,0.02,Yes,Tenant,36,56,0.279244532298514
71,52000,Unknown,0.17,Yes,Tenant,49,16,0.288127340260813
46,33000,Employed,0.34,Yes,Home Owner,63,53,0.223524187893705
45,59000,Employed,0.02,Yes,Tenant,7,24,0.223262578636922
50,38000,Unknown,0.01,No,Other,26,32,0.408736308501027
49,34000,Unknown,0.34,Yes,Home Owner,43,24,0.391608820960036
64,42000,Unknown,0.0,Yes,Tenant,61,23,0.250426062730755
38,33000,Employed,0.16,Yes,Home Owner,7,61,0.206943106159838
46,48000,Employed,0.29,Yes,Home Owner,22,14,0.270048299802552
30,30000,Unknown,0.08,Yes,Tenant,49,53,0.45863243875561
46,34000,Unknown,1.97,No,Home Owner,18,51,0.42317695994301
45,20000,Unknown,0.13,Yes,Home Owner,13,7,0.644814026388348
37,29000,Unknown,0.0,Yes,Home Owner,18,2,0.445957103022681
64,41000,Unknown,0.26,Yes,Home Owner,12,33,0.325354866076172
35,37000,Unknown,0.04,No,Home Owner,113,21,0.565146545583579
50,42000,Unknown,0.01,No,Home Owner,20,39,0.429753074457539
47,38000,Employed,0.14,Yes,Home Owner,104,91,0.163051648111345
41,34000,Employed,0.07,Yes,Tenant,14,68,0.215519182376444
58,44000,Employed,0.36,No,Tenant,19,12,0.320165806679682
63,43000,Unknown,0.04,Yes,Tenant,71,13,0.252507719573757
56,46000,Unknown,0.02,Yes,Other,14,37,0.302535889153841
36,41000,Employed,0.08,Yes,Tenant,49,11,0.451728831397284
52,39000,Unknown,0.18,Yes,Tenant,76,15,0.436986055104879
55,42000,Employed,0.29,No,Other,8,55,0.151109965683938
29,25000,Unknown,0.01,Yes,Other,21,17,0.554745019170274
65,54000,Employed,0.4,No,Home Owner,57,21,0.258026833421733
64,46000,Unknown,0.25,Yes,Home Owner,8,47,0.212254527016787
44,40000,Employed,0.24,Yes,Home Owner,26,48,0.25537614694585
55,40000,Employed,0.02,No,Home Owner,20,37,0.372532638350389
27,25000,Unknown,0.0,Yes,Tenant,3,43,0.649414907919103
43,41000,Unknown,0.04,Yes,Tenant,12,17,0.377448850198901
48,36000,Unknown,0.11,Yes,Home Owner,12,6,0.420427422229428
21,22000,Unknown,0.82,Yes,Other,69,40,0.599502643519416
50,34000,Unknown,0.28,No,Tenant,10,89,0.285402298037494
45,47000,Unknown,0.01,Yes,Home Owner,59,9,0.296225502418247
49,37000,Employed,0.29,Yes,Other,17,4,0.276621166988835
49,43000,Employed,0.06,Yes,Home Owner,48,14,0.200096771906613
43,48000,Employed,0.02,Yes,Tenant,48,36,0.223262578636922
38,46000,Unknown,0.28,Yes,Home Owner,33,118,0.209519311833931
49,41000,Unknown,0.17,Yes,Home Owner,40,24,0.42896668861881
44,37000,Employed,0.03,Yes,Tenant,7,67,0.210609686561165
57,52000,Unknown,0.04,Yes,Tenant,20,49,0.259302380440881
38,40000,Unknown,0.09,Yes,Home Owner,83,32,0.452655129027457
62,44000,Employed,0.02,No,Home Owner,128,14,0.216836162966469
34,33000,Unknown,1.68,Yes,Home Owner,15,40,0.531156778979149
56,36000,Employed,0.12,Yes,Home Owner,8,41,0.29720447082117
52,48000,Employed,0.12,Yes,Other,32,50,0.0937896171200925
36,26000,Employed,0.3,Yes,Home Owner,23,36,0.512216561436231
41,36000,Employed,0.63,Yes,Home Owner,43,10,0.417448232941743
55,57000,Employed,0.49,Yes,Home Owner,13,76,0.118475309310768
32,31000,Employed,0.08,Yes,Home Owner,14,4,0.375378138505961
44,59000,Unknown,0.2,Yes,Tenant,92,4,0.417231922559264
34,37000,Employed,0.07,Yes,Home Owner,37,11,0.328703349020698
41,36000,Employed,0.46,Yes,Home Owner,30,20,0.33948121638331
30,30000,Employed,0.05,Yes,Tenant,9,29,0.377582866365236
56,38000,Unknown,0.47,Yes,Home Owner,51,62,0.330690465647755
45,41000,Employed,0.82,Yes,Home Owner,3,7,0.414818763644471
51,35000,Unknown,0.18,Yes,Tenant,17,62,0.322688271541987
37,32000,Employed,0.52,Yes,Tenant,11,8,0.480849788502754
43,37000,Unknown,0.86,Yes,Tenant,61,21,0.519490770661122
52,39000,Unknown,0.97,Yes,Home Owner,6,61,0.298910792855989
68,52000,Unknown,0.19,Yes,Tenant,26,24,0.285864336930773
55,55000,Employed,0.61,Yes,Home Owner,17,45,0.161679969821355
59,45000,Unknown,0.13,No,Tenant,66,3,0.354933599668061
54,39000,Employed,0.22,Yes,Home Owner,85,35,0.29720447082117
47,36000,Employed,0.04,Yes,Home Owner,23,26,0.228343200497414
41,35000,Employed,0.1,Yes,Tenant,8,20,0.293099607513732
51,44000,Employed,0.01,Yes,Tenant,26,22,0.226622817157236
35,45000,Unknown,0.26,Yes,Tenant,41,52,0.369627483821418
43,47000,Unknown,0.01,Yes,Tenant,62,33,0.298187272734786
55,37000,Employed,0.44,Yes,Tenant,48,84,0.156037459330544
52,47000,Employed,0.29,Yes,Tenant,4,59,0.184286552152178
42,43000,Employed,0.04,Yes,Home Owner,99,30,0.229211453240968
44,53000,Unknown,0.14,Yes,Tenant,41,6,0.330233937753201
36,35000,Employed,0.01,Yes,Tenant,110,26,0.330779113568002
53,38000,Unknown,0.1,Yes,Home Owner,71,47,0.298910792855989
43,52000,Employed,0.33,Yes,Tenant,9,60,0.21356117332781
42,41000,Employed,0.45,Yes,Home Owner,77,32,0.334592020343902
54,38000,Employed,1.07,No,Home Owner,68,20,0.424361371047117
32,30000,Unknown,0.34,Yes,Home Owner,117,50,0.467678052325009
32,37000,Employed,0.35,Yes,Tenant,22,56,0.332752338012646
40,31000,Unknown,0.11,Yes,Home Owner,52,9,0.419762044004106
49,40000,Employed,0.16,No,Other,97,88,0.147241869693824
39,33000,Unknown,0.19,Yes,Home Owner,23,54,0.278353776354538
52,45000,Employed,0.05,Yes,Other,101,14,0.163126654866657
37,19000,Unknown,0.39,Yes,Other,69,46,0.420765612424437
55,37000,Unknown,0.12,Yes,Home Owner,38,42,0.300941855475422
28,30000,Employed,0.2,Yes,Home Owner,81,19,0.431927563951014
31,28000,Unknown,0.6,Yes,Tenant,25,52,0.558188927028086
51,40000,Unknown,0.48,Yes,Home Owner,26,32,0.382096498278724
52,52000,Employed,0.19,Yes,Home Owner,72,16,0.230603971233732
42,45000,Employed,0.7,Yes,Home Owner,3,92,0.138791338835586
43,48000,Employed,0.3,Yes,Home Owner,11,21,0.274131754154066
43,41000,Unknown,0.56,Yes,Home Owner,44,28,0.426369406929908
63,43000,Unknown,0.02,Yes,Tenant,42,37,0.250426062730755
42,36000,Unknown,0.0,Yes,Home Owner,63,51,0.251871599448589
45,37000,Employed,0.19,Yes,Tenant,43,57,0.279232031614405
53,42000,Unknown,0.12,Yes,Home Owner,7,76,0.120096570061038
48,49000,Unknown,0.03,Yes,Tenant,80,27,0.261164564639017
36,45000,Unknown,0.34,Yes,Tenant,17,66,0.369627483821418
30,35000,Employed,0.31,Yes,Home Owner,21,125,0.196276514790765
52,41000,Employed,0.13,No,Other,20,18,0.243655022402745
36,33000,Unknown,0.05,Yes,Other,27,50,0.245630065021472
27,24000,Employed,0.09,No,Home Owner,62,22,0.605541640968164
50,45000,Unknown,0.52,Yes,Tenant,16,53,0.297882193280438
63,53000,Employed,0.32,Yes,Home Owner,37,81,0.0829452991321766
22,21000,Unknown,0.23,Yes,Tenant,43,79,0.408756623485045
48,39000,Unknown,0.02,Yes,Tenant,20,46,0.247046853968433
27,23000,Unknown,0.01,Yes,Tenant,103,9,0.59683768260179
61,43000,Unknown,0.07,Yes,Home Owner,53,32,0.221913324535107
55,44000,Employed,0.25,Yes,Tenant,88,31,0.224690409314987
56,41000,Employed,0.55,No,Other,46,2,0.349325473742855
38,36000,Employed,0.43,Yes,Other,13,12,0.308246015393875
56,50000,Unknown,0.04,No,Other,105,33,0.370535899580082
48,52000,Employed,0.13,Yes,Home Owner,7,84,0.0996123479978083
61,38000,Unknown,0.11,No,Home Owner,71,5,0.356059296665509
49,43000,Employed,0.09,Yes,Other,53,2,0.182815535522751
44,41000,Employed,0.13,Yes,Home Owner,69,2,0.368496859927032
42,33000,Employed,0.33,Yes,Home Owner,39,16,0.346077784708534
53,45000,Unknown,0.47,No,Home Owner,24,29,0.441347779350859
52,47000,Unknown,0.0,Yes,Tenant,30,77,0.116551407466733
43,42000,Employed,0.14,Yes,Other,79,25,0.251760444417566
48,39000,Unknown,0.11,Yes,Tenant,39,27,0.422717676853361
48,49000,Unknown,0.14,Yes,Home Owner,29,24,0.314753366694913
27,38000,Unknown,0.0,Yes,Home Owner,5,59,0.292492639119311
48,48000,Unknown,0.39,Yes,Tenant,16,44,0.349831569238813
52,49000,Unknown,0.18,Yes,Tenant,37,45,0.250347030301424
45,41000,Unknown,0.06,Yes,Tenant,53,50,0.361632035453693
31,36000,Employed,0.1,Yes,Other,48,20,0.252996053356601
49,34000,Unknown,0.05,Yes,Tenant,88,77,0.219613351170636
56,62000,Unknown,0.18,Yes,Tenant,4,2,0.419814278718189
70,46000,Unknown,0.45,Yes,Tenant,36,7,0.37112846934895
54,45000,Employed,0.26,Yes,Home Owner,95,9,0.223058491096939
31,47000,Unknown,0.14,Yes,Tenant,59,87,0.220424506065312
57,50000,Unknown,0.26,Yes,Other,44,25,0.254527314124987
35,54000,Unknown,0.08,Yes,Tenant,82,25,0.338682293524864
35,32000,Employed,0.15,Yes,Tenant,109,30,0.463710426181997
45,35000,Employed,0.04,Yes,Tenant,24,37,0.290813505034348
50,39000,Employed,0.12,No,Home Owner,21,30,0.375065863342799
37,31000,Employed,0.35,Yes,Tenant,27,100,0.2295184654476
34,25000,Unknown,0.03,Yes,Tenant,32,13,0.558721183578775
27,31000,Employed,0.02,Yes,Other,9,48,0.276013243989135
47,36000,Employed,0.04,Yes,Tenant,80,8,0.368726854878317
56,41000,Unknown,0.16,Yes,Tenant,70,59,0.330681902066163
62,48000,Unknown,0.01,Yes,Tenant,38,33,0.295589236819081
60,53000,Unknown,0.36,Yes,Tenant,29,123,0.129980433612192
48,45000,Employed,0.07,No,Tenant,10,53,0.28943883891094
25,30000,Unknown,0.16,No,Tenant,43,23,0.648868577190213
37,39000,Unknown,0.07,Yes,Tenant,35,56,0.304975758290373
62,61000,Unknown,0.0,Yes,Other,49,48,0.106593452450882
33,30000,Employed,0.13,Yes,Tenant,19,36,0.373227820621399
37,40000,Employed,0.06,Yes,Home Owner,75,65,0.27619583564139
40,33000,Employed,0.54,Yes,Tenant,45,15,0.429589981700177
44,35000,Employed,0.04,No,Tenant,22,54,0.274650689455336
34,27000,Unknown,0.15,Yes,Tenant,49,10,0.67846192342662
61,60000,Unknown,0.0,Yes,Tenant,20,60,0.152083342582714
23,21000,Unknown,0.26,No,Tenant,5,36,0.724435176162177
39,29000,Unknown,0.19,Yes,Home Owner,3,17,0.516335904993759
37,36000,Employed,0.54,Yes,Tenant,4,10,0.434649095312192
46,35000,Unknown,1.24,Yes,Tenant,16,5,0.511927046764247
35,33000,Employed,0.14,No,Tenant,25,82,0.212343570307485
38,37000,Unknown,0.25,No,Home Owner,9,39,0.542639892942965
51,38000,Unknown,0.87,Yes,Tenant,36,32,0.470774330500272
33,26000,Unknown,0.04,No,Home Owner,31,18,0.730160261930504
43,30000,Unknown,0.67,Yes,Home Owner,37,74,0.261536209454146
32,38000,Employed,1.07,No,Home Owner,34,22,0.521095360998022
42,32000,Employed,0.12,Yes,Tenant,52,38,0.330667612475911
49,44000,Unknown,0.32,Yes,Home Owner,10,6,0.381274530035581
37,35000,Employed,0.67,Yes,Other,56,69,0.222837059711061
40,51000,Unknown,0.03,Yes,Other,68,11,0.246978375320367
39,37000,Unknown,0.09,No,Tenant,38,14,0.49181663792885
29,24000,Employed,0.6,Yes,Tenant,85,56,0.460831968571965
44,35000,Unknown,0.52,Yes,Other,38,49,0.275852012894454
54,40000,Unknown,0.26,Yes,Tenant,60,51,0.245039246566818
52,44000,Unknown,0.14,Yes,Home Owner,16,46,0.19220314200265
51,37000,Employed,0.08,Yes,Other,33,47,0.176546939384375
31,34000,Unknown,0.49,Yes,Home Owner,99,14,0.489959031809551
47,45000,Employed,0.06,Yes,Other,34,35,0.163793477453238
57,54000,Employed,0.51,Yes,Tenant,37,51,0.191482405401631
45,42000,Employed,0.02,Yes,Home Owner,3,29,0.229211453240968
23,37000,Employed,0.09,Yes,Home Owner,59,57,0.218553227643739
56,51000,Unknown,0.09,Yes,Other,31,3,0.293462186067333
34,34000,Employed,0.52,Yes,Home Owner,18,28,0.386840900893947
31,26000,Employed,0.36,Yes,Tenant,46,62,0.44913691899534
46,42000,Employed,0.31,No,Tenant,32,10,0.326582130469847
54,37000,Unknown,0.22,Yes,Home Owner,38,15,0.387275842324028
49,42000,Employed,0.21,Yes,Tenant,91,42,0.338280129405808
40,28000,Unknown,0.01,No,Tenant,30,37,0.595859571264375
38,35000,Unknown,0.1,Yes,Home Owner,54,41,0.455337815115408
40,36000,Employed,0.0,Yes,Other,62,86,0.0923998553497833
34,43000,Unknown,0.01,Yes,Other,123,15,0.294509030779161
45,22000,Unknown,0.03,No,Tenant,8,2,0.631128303816765
60,53000,Employed,0.04,Yes,Home Owner,31,10,0.211525146399848
55,52000,Unknown,0.03,Yes,Home Owner,207,36,0.231807281627962
38,44000,Employed,0.14,Yes,Home Owner,5,20,0.250681843861147
32,38000,Employed,0.13,Yes,Tenant,38,15,0.337371321597615
44,35000,Employed,0.03,Yes,Home Owner,98,33,0.337005815911596
46,33000,Unknown,0.01,Yes,Tenant,131,27,0.345384600168217
47,35000,Employed,0.06,Yes,Tenant,74,7,0.286864261947847
38,37000,Unknown,0.22,No,Other,11,20,0.483150825849908
38,52000,Employed,0.12,Yes,Tenant,55,4,0.350185248786533
59,47000,Unknown,0.64,Yes,Other,13,20,0.24646199381912
55,40000,Unknown,0.06,Yes,Home Owner,9,35,0.382096498278724
44,30000,Unknown,0.31,Yes,Tenant,81,45,0.322091613357449
28,39000,Employed,0.07,Yes,Tenant,31,70,0.36625039598534
37,18000,Unknown,0.27,Yes,Other,62,54,0.420765612424437
38,37000,Unknown,0.28,Yes,Home Owner,37,27,0.455337815115408
40,31000,Unknown,0.01,Yes,Home Owner,77,7,0.419762044004106
49,56000,Unknown,0.23,Yes,Home Owner,152,18,0.307018545281577
44,49000,Unknown,0.08,Yes,Other,22,8,0.322607809366935
44,36000,Employed,0.99,Yes,Other,43,31,0.324858768774867
50,52000,Employed,0.0,Yes,Home Owner,103,44,0.169532631981857
68,44000,Unknown,0.05,Yes,Tenant,28,24,0.326653271185778
53,44000,Unknown,0.66,No,Home Owner,59,3,0.515132839384554
51,50000,Employed,0.77,Yes,Home Owner,11,73,0.103923145421735
43,44000,Employed,0.02,Yes,Home Owner,42,49,0.162113346011567
41,40000,Unknown,0.06,Yes,Other,31,6,0.316414624573023
38,20000,Unknown,0.05,Yes,Home Owner,27,16,0.499430453764976
52,34000,Unknown,0.18,Yes,Home Owner,28,109,0.141959325853649
47,46000,Unknown,0.21,Yes,Home Owner,3,66,0.194689468573481
46,33000,Employed,0.04,Yes,Tenant,81,4,0.292891780501107
34,26000,Unknown,0.06,Yes,Tenant,14,91,0.40427556150942
54,40000,Employed,0.09,No,Tenant,25,76,0.206077527153972
55,50000,Employed,0.01,Yes,Tenant,5,49,0.134638800024495
46,52000,Unknown,0.35,No,Tenant,8,28,0.473445788357765
49,50000,Employed,1.11,No,Tenant,11,128,0.161641659607302
59,60000,Employed,0.01,Yes,Tenant,25,14,0.158652893496194
50,48000,Employed,0.27,Yes,Home Owner,58,55,0.189818459250728
45,34000,Unknown,0.56,Yes,Other,125,18,0.378722969311249
57,50000,Unknown,0.0,Yes,Tenant,35,7,0.290881476813336
63,55000,Unknown,0.19,Yes,Tenant,25,9,0.317185185069824
35,33000,Unknown,0.0,Yes,Tenant,34,78,0.219231828827147
50,35000,Unknown,0.11,Yes,Home Owner,40,51,0.218806551571683
61,48000,Employed,0.0,Yes,Home Owner,28,3,0.155942041961136
43,20000,Unknown,0.06,Yes,Home Owner,23,24,0.470018953962711
43,34000,Unknown,0.08,Yes,Home Owner,25,26,0.347611415343963
48,43000,Unknown,0.04,No,Tenant,52,8,0.55447285063415
56,45000,Employed,0.02,Yes,Tenant,64,3,0.251670775616093
37,34000,Unknown,0.08,Yes,Tenant,15,22,0.412520537302341
53,48000,Employed,0.4,No,Tenant,22,20,0.377070226774801
43,42000,Unknown,0.84,Yes,Home Owner,10,25,0.389603287407495
50,39000,Unknown,0.0,Yes,Home Owner,29,9,0.333144032735311
43,32000,Unknown,0.04,Yes,Home Owner,9,67,0.288560431957563
27,39000,Unknown,0.18,Yes,Home Owner,26,32,0.479883250932489
28,42000,Unknown,0.08,Yes,Tenant,33,11,0.423215782329958
28,38000,Employed,0.14,Yes,Home Owner,11,19,0.38692407851379
29,28000,Employed,0.76,Yes,Home Owner,18,61,0.458153745644095
61,42000,Unknown,0.03,Yes,Tenant,14,47,0.23990889152487
46,32000,Employed,0.06,Yes,Tenant,26,44,0.294586583527988
46,47000,Employed,0.17,Yes,Other,98,39,0.197448394119495
43,40000,Unknown,0.0,Yes,Other,29,100,0.129578357060803
42,39000,Employed,0.13,Yes,Home Owner,6,3,0.288880278155683
39,20000,Unknown,0.15,Yes,Home Owner,41,113,0.348433214855149
35,29000,Employed,0.73,Yes,Home Owner,49,14,0.438956039629162
40,42000,Unknown,0.16,Yes,Home Owner,36,23,0.30534772070323
40,33000,Employed,0.1,Yes,Home Owner,68,55,0.189973556331961
42,30000,Employed,0.06,No,Home Owner,47,71,0.25375074104767
47,47000,Employed,0.51,Yes,Home Owner,39,20,0.233443493417752
32,31000,Unknown,0.12,Yes,Home Owner,130,12,0.436307345557435
53,48000,Unknown,0.15,No,Other,7,31,0.326400774387267
45,31000,Employed,0.4,Yes,Home Owner,85,63,0.284914142160513
53,36000,Employed,0.27,Yes,Tenant,42,8,0.365025381015074
44,40000,Employed,0.0,Yes,Home Owner,22,33,0.257219926486084
51,41000,Unknown,0.0,Yes,Tenant,6,15,0.335286587258991
48,36000,Employed,0.01,Yes,Tenant,50,40,0.254374484438387
33,31000,Employed,0.43,Yes,Home Owner,22,26,0.436234343435316
57,40000,Unknown,0.31,Yes,Other,83,8,0.369553478749412
40,35000,Unknown,0.13,Yes,Home Owner,39,97,0.227186133483732
51,43000,Employed,0.23,No,Tenant,73,36,0.38502033227959
40,42000,Employed,0.0,No,Other,3,19,0.249540364050178
47,37000,Employed,0.15,Yes,Home Owner,41,36,0.300543730666004
33,25000,Unknown,0.41,Yes,Home Owner,4,15,0.610816106112839
23,23000,Employed,0.07,Yes,Tenant,86,7,0.592540369113912
45,42000,Employed,0.41,Yes,Tenant,79,4,0.369873042347829
61,54000,Unknown,0.11,Yes,Home Owner,19,6,0.283950837444226
43,34000,Employed,0.01,Yes,Tenant,25,63,0.215519182376444
32,31000,Employed,0.15,Yes,Other,55,16,0.289785234384937
26,21000,Employed,0.28,Yes,Home Owner,64,74,0.29505420743684
57,51000,Unknown,0.34,Yes,Home Owner,34,65,0.257236595768621
57,47000,Unknown,0.45,Yes,Other,46,23,0.254527314124987
41,31000,Employed,0.24,Yes,Home Owner,70,47,0.284914142160513
54,37000,Unknown,0.32,Yes,Home Owner,29,12,0.398525436369536
44,46000,Unknown,0.15,Yes,Home Owner,37,15,0.307698505388944
42,45000,Unknown,0.14,Yes,Tenant,45,21,0.430524582746255
52,46000,Unknown,0.42,Yes,Tenant,18,45,0.288112710244409
43,31000,Employed,0.01,Yes,Home Owner,72,42,0.379800099881883
46,54000,Unknown,0.32,No,Other,29,40,0.340423177774453
37,37000,Employed,0.34,No,Tenant,7,50,0.39072220335547
37,46000,Unknown,0.07,Yes,Tenant,27,46,0.35117980310126
41,35000,Employed,0.39,Yes,Home Owner,37,104,0.159461237001824
62,51000,Unknown,0.03,Yes,Home Owner,22,33,0.190502937969149
57,56000,Unknown,0.0,Yes,Tenant,53,31,0.261164564639017
56,40000,Employed,0.03,Yes,Home Owner,38,6,0.337269610053001
50,46000,Employed,0.34,Yes,Home Owner,57,12,0.306163154845804
48,39000,Unknown,0.01,Yes,Tenant,44,83,0.15839975299137
45,44000,Employed,0.32,Yes,Tenant,53,27,0.258350548518755
50,39000,Unknown,0.02,Yes,Home Owner,79,6,0.333144032735311
39,34000,Unknown,0.81,Yes,Tenant,11,57,0.443526652025031
41,31000,Employed,0.44,Yes,Other,11,39,0.323036299498622
40,48000,Employed,0.2,Yes,Other,13,47,0.159213341021403
43,43000,Unknown,0.06,Yes,Home Owner,38,12,0.307698505388944
46,38000,Unknown,0.05,Yes,Home Owner,45,23,0.30430492490224
28,26000,Unknown,0.31,Yes,Other,59,13,0.602154975820422
45,31000,Employed,0.33,Yes,Home Owner,8,9,0.328592204076894
52,37000,Unknown,0.06,No,Tenant,2,65,0.317708222634027
33,31000,Unknown,0.0,Yes,Home Owner,47,25,0.429033630091889
62,48000,Unknown,0.49,No,Home Owner,71,81,0.180250725681551
64,53000,Employed,0.08,Yes,Home Owner,35,15,0.189461157614805
52,39000,Unknown,0.36,Yes,Home Owner,10,5,0.420427422229428
64,53000,Unknown,0.04,Yes,Home Owner,69,45,0.18189168694159
47,34000,Employed,0.11,Yes,Tenant,38,14,0.343855615820964
52,52000,Employed,0.14,Yes,Home Owner,27,31,0.228647652613463
41,34000,Unknown,0.34,Yes,Home Owner,76,60,0.334835954894885
43,34000,Unknown,0.34,Yes,Tenant,21,3,0.512610445773789
39,30000,Employed,0.01,Yes,Home Owner,37,35,0.319374907763544
45,42000,Employed,0.11,Yes,Home Owner,7,19,0.231171150058876
45,33000,Unknown,0.38,Yes,Home Owner,4,32,0.436205830540632
31,35000,Employed,0.13,Yes,Tenant,34,6,0.368822413332342
55,45000,Unknown,0.47,Yes,Tenant,39,24,0.394703118054122
40,28000,Employed,0.45,No,Home Owner,40,24,0.600319092436766
59,40000,Unknown,1.09,Yes,Home Owner,5,92,0.17942387089679
45,43000,Unknown,0.05,Yes,Home Owner,37,29,0.436743450326257
37,29000,Unknown,0.58,No,Tenant,15,28,0.637058223623672
30,32000,Unknown,0.82,Yes,Tenant,46,20,0.568326774796987
51,49000,Unknown,0.61,No,Tenant,20,22,0.424144086591243
45,37000,Employed,0.05,Yes,Other,7,48,0.150725740442227
34,29000,Employed,0.05,Yes,Other,30,37,0.283724720223363
48,39000,Employed,0.0,Yes,Home Owner,159,70,0.159300260666224
35,36000,Unknown,1.79,Yes,Home Owner,16,63,0.417192001040052
40,38000,Employed,0.29,Yes,Tenant,24,31,0.373213291230374
33,31000,Employed,0.02,Yes,Home Owner,81,36,0.337019693647636
48,38000,Unknown,0.15,Yes,Tenant,58,39,0.422717676853361
57,41000,Unknown,0.02,Yes,Tenant,43,44,0.332826360942224
60,46000,Unknown,0.09,Yes,Home Owner,3,101,0.0962044788808235
48,43000,Unknown,0.0,Yes,Other,10,29,0.221767465551241
49,52000,Unknown,0.2,No,Tenant,4,26,0.421445241937929
52,43000,Unknown,0.13,Yes,Tenant,32,16,0.397348326042276
30,32000,Unknown,0.04,Yes,Tenant,28,35,0.472774074561791
52,48000,Unknown,0.57,Yes,Other,108,7,0.293462186067333
56,41000,Unknown,0.17,Yes,Tenant,9,4,0.366650869503567
46,32000,Employed,0.64,Yes,Tenant,61,40,0.377486395622724
41,29000,Unknown,0.85,Yes,Other,67,28,0.413614258477106
46,43000,Unknown,0.34,Yes,Tenant,54,86,0.190866386008823
41,33000,Unknown,0.14,No,Tenant,16,100,0.324352552438823
49,45000,Employed,0.03,Yes,Tenant,38,35,0.224690409314987
50,59000,Unknown,0.2,No,Other,38,41,0.326400774387267
24,29000,Unknown,0.34,No,Other,78,15,0.601580180939723
57,42000,Employed,0.18,No,Tenant,32,43,0.291432294564098
52,51000,Unknown,0.08,Yes,Other,82,40,0.19037267311509
51,42000,Unknown,0.57,No,Home Owner,64,8,0.515132839384554
40,35000,Employed,0.09,Yes,Home Owner,31,82,0.115554120373404
51,38000,Employed,0.42,Yes,Home Owner,30,93,0.0980393523677718
36,28000,Unknown,0.01,Yes,Tenant,21,4,0.592360516478692
36,30000,Unknown,0.14,No,Other,40,6,0.490917884323846
37,30000,Unknown,0.2,No,Home Owner,18,55,0.481864497014369
51,50000,Unknown,0.07,Yes,Home Owner,108,10,0.259356353739452
36,38000,Unknown,0.0,Yes,Tenant,5,72,0.214260858563057
31,25000,Employed,0.5,Yes,Home Owner,3,32,0.528622263929826
54,46000,Unknown,0.43,Yes,Home Owner,17,50,0.295631727688986
41,40000,Unknown,0.01,Yes,Home Owner,76,21,0.429076398685739
32,24000,Unknown,0.04,Yes,Home Owner,43,31,0.521306697787126
48,32000,Unknown,0.03,No,Tenant,55,7,0.500145230203901
56,39000,Unknown,0.37,Yes,Home Owner,30,35,0.395877539724071
40,36000,Employed,0.02,Yes,Tenant,5,32,0.290813505034348
69,54000,Unknown,0.03,No,Tenant,2,35,0.281216634809961
52,43000,Unknown,0.61,Yes,Home Owner,36,66,0.256779000762021
46,46000,Unknown,0.13,Yes,Tenant,34,59,0.220696463660283
42,46000,Unknown,0.13,Yes,Tenant,30,78,0.161199985404074
39,27000,Unknown,0.14,Yes,Tenant,28,32,0.670940856297612
42,44000,Unknown,0.07,Yes,Home Owner,27,43,0.30534772070323
62,47000,Unknown,0.38,No,Home Owner,9,52,0.239853595387577
39,45000,Employed,0.08,Yes,Home Owner,79,34,0.248610233103282
42,37000,Employed,0.05,Yes,Home Owner,74,8,0.288880278155683
47,32000,Employed,0.51,No,Tenant,55,95,0.280675116871457
47,41000,Unknown,0.65,Yes,Home Owner,40,41,0.397101065178395
46,39000,Employed,0.29,Yes,Home Owner,47,26,0.300543730666004
49,33000,Employed,0.27,Yes,Home Owner,42,32,0.303356833702642
51,43000,Unknown,0.9,Yes,Home Owner,55,2,0.381274530035581
59,39000,Employed,0.56,Yes,Tenant,36,16,0.321825064889687
36,32000,Unknown,0.32,Yes,Tenant,74,28,0.572622660399295
28,45000,Employed,0.07,Yes,Tenant,52,7,0.331724664435494
48,42000,Unknown,0.11,Yes,Tenant,46,35,0.383492627082357
29,38000,Unknown,0.7,Yes,Home Owner,11,5,0.517070172067362
49,48000,Employed,0.07,No,Other,14,43,0.184177272181005
41,30000,Unknown,0.04,Yes,Tenant,45,40,0.514651289091345
50,43000,Employed,0.02,Yes,Tenant,80,46,0.158643372613352
58,56000,Employed,0.08,Yes,Home Owner,56,44,0.137340781142218
54,44000,Unknown,0.19,No,Tenant,37,14,0.471633049594118
38,56000,Unknown,1.24,No,Home Owner,42,11,0.539682847323538
57,62000,Unknown,0.41,Yes,Home Owner,98,70,0.221840627370431
48,46000,Employed,0.01,No,Home Owner,33,4,0.289496633356662
57,52000,Employed,0.02,Yes,Tenant,17,16,0.194712645685333
39,42000,Unknown,0.02,Yes,Home Owner,40,37,0.328444396773405
45,42000,Employed,0.17,Yes,Home Owner,22,30,0.301579224816732
60,45000,Employed,0.24,Yes,Other,17,25,0.17919131627196
38,35000,Unknown,0.46,No,Home Owner,18,6,0.486706240593056
41,35000,Employed,0.45,Yes,Other,13,13,0.285964885934852
43,35000,Unknown,0.12,No,Home Owner,44,48,0.457358033033824
69,54000,Employed,0.86,No,Other,12,37,0.236974549453082
37,44000,Unknown,0.11,Yes,Home Owner,16,65,0.316032123509869
37,32000,Unknown,0.04,Yes,Other,9,45,0.260164996016465
42,41000,Unknown,0.13,Yes,Home Owner,49,4,0.463101749382229
26,18000,Unknown,0.01,Yes,Other,17,37,0.459047512298879
38,35000,Employed,0.2,Yes,Tenant,9,27,0.398498505400247
54,44000,Unknown,0.33,No,Tenant,33,34,0.46887806949622
42,37000,Unknown,0.07,Yes,Tenant,50,17,0.470885915806949
54,47000,Employed,0.23,Yes,Other,11,25,0.187639863193092
40,40000,Unknown,0.18,Yes,Home Owner,6,47,0.336410245369451
61,52000,Employed,0.1,Yes,Tenant,10,3,0.177916600755301
55,40000,Employed,0.01,Yes,Tenant,25,24,0.328879293301978
44,38000,Unknown,0.16,Yes,Tenant,64,117,0.247270420152712
58,43000,Employed,0.05,Yes,Tenant,86,22,0.249157450029721
42,37000,Employed,0.15,Yes,Home Owner,51,21,0.33948121638331
34,29000,Unknown,0.25,Yes,Home Owner,65,12,0.52454131535742
30,33000,Unknown,0.0,Yes,Other,17,43,0.337676750168445
47,60000,Employed,0.02,Yes,Tenant,17,63,0.136506313346652
49,45000,Unknown,0.12,Yes,Other,115,33,0.221767465551241
28,28000,Employed,0.04,Yes,Home Owner,23,9,0.460901787575526
47,37000,Unknown,0.12,Yes,Tenant,42,43,0.426611121315116
48,32000,Employed,0.05,Yes,Tenant,43,29,0.291285948081293
48,32000,Unknown,0.04,Yes,Home Owner,46,26,0.341515571054321
40,37000,Employed,0.15,Yes,Tenant,61,39,0.290813505034348
52,50000,Employed,0.04,Yes,Home Owner,29,28,0.169532631981857
30,29000,Employed,0.0,Yes,Tenant,55,36,0.377582866365236
38,29000,Employed,0.06,Yes,Tenant,35,20,0.357236903704401
52,43000,Unknown,0.05,Yes,Home Owner,87,44,0.267775186538158
54,48000,Unknown,0.36,Yes,Other,30,23,0.254527314124987
25,30000,Unknown,0.05,Yes,Other,7,53,0.2795901597938
54,39000,Employed,0.54,Yes,Tenant,60,51,0.243745412794171
37,31000,Employed,0.0,Yes,Home Owner,54,9,0.352554759053726
44,42000,Employed,0.01,Yes,Tenant,10,18,0.260475186981668
30,26000,Unknown,0.63,Yes,Home Owner,31,7,0.647273567123315
34,41000,Employed,0.13,Yes,Home Owner,33,26,0.294485917035669
68,48000,Employed,0.02,Yes,Tenant,43,40,0.157182269454374
42,35000,Employed,0.04,No,Tenant,31,19,0.370452462327502
35,43000,Employed,0.32,Yes,Other,105,7,0.320025527718263
45,33000,Unknown,0.09,Yes,Other,74,23,0.293382701731437
48,39000,Unknown,0.24,Yes,Tenant,46,6,0.459387363773501
46,37000,Unknown,0.16,No,Tenant,15,64,0.321172575681483
55,41000,Employed,0.16,Yes,Other,57,71,0.108466623113158
40,43000,Unknown,0.33,Yes,Home Owner,48,9,0.425517785443205
68,53000,Unknown,0.03,No,Home Owner,57,19,0.373316635045551
58,44000,Employed,0.01,Yes,Tenant,72,44,0.247094282597849
48,47000,Employed,0.01,Yes,Tenant,60,31,0.192984437456597
39,30000,Unknown,0.24,Yes,Home Owner,22,40,0.501785762836757
51,38000,Employed,0.13,Yes,Other,48,95,0.0780847799564185
29,30000,Employed,0.18,Yes,Home Owner,21,28,0.429216107523597
45,21000,Unknown,0.37,Yes,Other,50,33,0.500863931891885
45,34000,Employed,0.26,Yes,Tenant,12,2,0.41572289774949
48,41000,Employed,0.03,No,Home Owner,79,42,0.290213548593531
41,46000,Unknown,0.12,Yes,Home Owner,110,6,0.337793536491434
49,35000,Employed,0.01,Yes,Home Owner,29,11,0.252597212883783
33,33000,Employed,0.08,Yes,Home Owner,79,43,0.302886293709452
44,37000,Unknown,0.04,Yes,Tenant,67,18,0.379995260039422
50,34000,Employed,0.03,Yes,Tenant,19,54,0.186039653245741
55,42000,Unknown,0.07,Yes,Home Owner,42,13,0.269949120564106
47,39000,Employed,0.08,Yes,Other,24,29,0.250834572554757
44,43000,Unknown,0.19,Yes,Home Owner,18,21,0.392236465015287
56,37000,Employed,0.01,Yes,Tenant,61,19,0.256477732160533
66,42000,Unknown,0.29,Yes,Other,18,14,0.246017217212001
48,40000,Employed,0.04,Yes,Home Owner,43,8,0.250559510318801
49,40000,Unknown,0.43,Yes,Other,28,97,0.152426964213888
46,36000,Employed,1.04,Yes,Home Owner,61,48,0.253517914667565
58,47000,Employed,0.02,Yes,Tenant,28,5,0.239113326410701
32,42000,Employed,1.2,Yes,Tenant,17,31,0.430051335955836
28,23000,Unknown,0.02,Yes,Home Owner,67,66,0.507109672142444
53,49000,Employed,0.31,Yes,Tenant,36,43,0.257739040098355
67,50000,Unknown,0.13,Yes,Other,52,14,0.220114753776628
40,48000,Employed,0.06,No,Tenant,48,60,0.209743748196973
62,42000,Unknown,0.69,No,Tenant,42,19,0.410426867642781
45,54000,Employed,0.29,No,Home Owner,94,7,0.287809857328022
47,39000,Unknown,0.55,Yes,Home Owner,142,23,0.399694935420964
54,40000,Unknown,0.07,Yes,Home Owner,36,75,0.187515506538151
37,40000,Employed,0.2,Yes,Home Owner,22,13,0.280359615196588
45,35000,Unknown,0.05,No,Other,16,21,0.366529760989497
41,29000,Unknown,0.05,Yes,Home Owner,33,23,0.475123589291396
38,37000,Unknown,0.3,No,Home Owner,5,13,0.593058782212268
42,23000,Unknown,0.04,No,Tenant,81,59,0.58210114151383
50,36000,Employed,0.09,Yes,Home Owner,12,7,0.252597212883783
48,39000,Employed,0.01,Yes,Home Owner,58,18,0.227485078720433
39,45000,Unknown,0.13,Yes,Home Owner,22,42,0.415263239090305
33,31000,Unknown,0.37,No,Other,3,53,0.439796502449637
48,43000,Unknown,0.07,No,Home Owner,28,34,0.341674987185972
22,34000,Unknown,0.04,Yes,Home Owner,36,21,0.398157195973961
32,33000,Employed,0.09,No,Home Owner,16,55,0.290133795280464
33,39000,Employed,0.0,Yes,Other,28,8,0.276175656706875
55,44000,Employed,0.01,Yes,Home Owner,70,21,0.200096771906613
38,40000,Unknown,0.15,Yes,Home Owner,143,18,0.455396518622376
39,32000,Unknown,0.1,Yes,Tenant,8,19,0.451015587367982
43,36000,Unknown,0.45,Yes,Home Owner,56,15,0.431729567441837
26,36000,Unknown,0.3,Yes,Home Owner,46,21,0.482644133100953
36,29000,Employed,0.13,Yes,Home Owner,53,67,0.324439914178265
43,40000,Employed,0.15,No,Home Owner,46,23,0.416444249660569
39,37000,Unknown,0.37,Yes,Home Owner,9,43,0.455337815115408
38,32000,Unknown,0.89,No,Tenant,19,4,0.67071845643346
60,48000,Unknown,0.1,Yes,Other,12,28,0.154961996660977
45,34000,Unknown,0.11,Yes,Home Owner,93,36,0.447837906580391
46,41000,Employed,0.14,Yes,Home Owner,48,59,0.216640853048969
55,38000,Employed,0.05,Yes,Home Owner,4,75,0.0980393523677718
40,37000,Unknown,0.49,Yes,Home Owner,25,30,0.429018415263361
37,29000,Unknown,0.28,Yes,Tenant,75,33,0.541244291343579
44,44000,Unknown,0.02,No,Home Owner,45,3,0.419934691967186
43,32000,Unknown,0.57,Yes,Home Owner,2,14,0.489660457920826
45,61000,Unknown,0.05,Yes,Home Owner,24,47,0.264282463089836
50,47000,Employed,0.08,Yes,Other,14,49,0.136099367504373
68,53000,Employed,0.34,Yes,Home Owner,9,16,0.138656305497949
46,42000,Employed,0.14,No,Tenant,12,71,0.184658582483856
36,43000,Unknown,0.07,No,Home Owner,11,37,0.429207270648377
36,49000,Unknown,0.43,Yes,Home Owner,8,10,0.424193027803375
57,42000,Employed,0.11,Yes,Home Owner,45,45,0.221146819688385
46,41000,Unknown,0.09,Yes,Home Owner,70,38,0.302018652980582
52,42000,Unknown,0.08,Yes,Tenant,73,35,0.299909256507658
58,48000,Employed,0.01,Yes,Tenant,20,7,0.177916600755301
39,38000,Unknown,0.01,Yes,Tenant,24,17,0.405442734872603
38,49000,Unknown,0.0,Yes,Home Owner,7,34,0.369481084019353
49,50000,Employed,0.08,No,Tenant,23,65,0.242785136339711
52,42000,Unknown,0.15,Yes,Home Owner,14,24,0.267775186538158
41,31000,Unknown,0.01,Yes,Home Owner,21,13,0.386627930630769
26,27000,Employed,0.07,Yes,Tenant,30,10,0.500374254606493
41,34000,Unknown,0.09,Yes,Other,53,62,0.281739559106398
39,21000,Unknown,0.11,Yes,Home Owner,145,5,0.624445520552281
54,42000,Unknown,0.41,Yes,Other,6,25,0.334517079800245
50,37000,Unknown,0.02,Yes,Home Owner,25,83,0.189169913047943
37,37000,Unknown,0.01,Yes,Tenant,26,9,0.43903514545855
54,52000,Employed,0.06,No,Tenant,11,26,0.253386363361385
50,38000,Employed,0.01,Yes,Home Owner,95,98,0.0980393523677718
66,53000,Unknown,0.46,Yes,Tenant,31,8,0.317185185069824
51,43000,Employed,0.16,No,Home Owner,30,63,0.287226066922505
43,32000,Unknown,0.35,No,Tenant,32,16,0.603431094438385
40,36000,Unknown,0.08,Yes,Tenant,97,51,0.364134152277341
34,40000,Employed,0.19,Yes,Home Owner,26,32,0.37737255537043
44,34000,Unknown,0.02,Yes,Tenant,56,79,0.25276087085246
54,40000,Employed,0.17,Yes,Tenant,19,12,0.331324832491986
44,34000,Unknown,0.74,Yes,Home Owner,27,20,0.487271475404969
31,36000,Unknown,0.15,Yes,Other,87,28,0.331159219627932
35,32000,Employed,0.03,Yes,Other,11,33,0.283724720223363
45,37000,Unknown,0.16,Yes,Tenant,36,59,0.282834364702702
41,30000,Unknown,0.43,Yes,Home Owner,75,30,0.475123589291396
43,32000,Unknown,0.14,Yes,Home Owner,56,24,0.486897212816917
52,40000,Employed,0.18,No,Home Owner,29,15,0.292496879967391
49,37000,Employed,0.17,No,Home Owner,58,46,0.280827111047264
36,42000,Unknown,0.27,Yes,Home Owner,29,12,0.348843155109019
39,40000,Unknown,0.02,Yes,Tenant,17,3,0.529236348562083
32,28000,Employed,0.24,Yes,Tenant,106,14,0.606186289402284
46,48000,Employed,0.0,Yes,Home Owner,24,11,0.194005582275429
30,35000,Unknown,0.0,Yes,Home Owner,55,23,0.479883250932489
37,44000,Unknown,0.46,Yes,Other,30,9,0.391053124583402
50,42000,Employed,0.03,Yes,Tenant,14,66,0.158643372613352
35,29000,Employed,0.28,Yes,Home Owner,75,50,0.33486177721258
35,35000,Unknown,0.03,Yes,Tenant,30,22,0.517538992769785
52,46000,Employed,0.05,Yes,Other,2,2,0.182815535522751
48,45000,Employed,0.03,Yes,Tenant,61,20,0.226622817157236
54,35000,Employed,0.21,Yes,Tenant,55,8,0.411195047080787
40,29000,Employed,0.07,No,Tenant,35,35,0.412154451866267
43,33000,Unknown,0.35,No,Tenant,39,72,0.324352552438823
60,45000,Employed,0.35,No,Tenant,11,54,0.269079831753252
46,39000,Unknown,0.0,Yes,Tenant,95,13,0.341276174632866
32,39000,Unknown,0.87,Yes,Tenant,35,12,0.570367149148801
44,33000,Unknown,0.24,Yes,Home Owner,56,8,0.473086706070112
45,18000,Unknown,0.19,Yes,Home Owner,5,61,0.455888468993641
34,35000,Employed,0.02,No,Home Owner,3,53,0.280377452418108
50,35000,Unknown,0.72,Yes,Tenant,42,38,0.422717676853361
41,37000,Unknown,0.02,Yes,Home Owner,44,30,0.341000858419398
52,43000,Employed,0.01,Yes,Home Owner,79,36,0.198332545426829
35,39000,Unknown,0.08,Yes,Tenant,34,20,0.424874277824868
54,38000,Employed,0.17,Yes,Tenant,23,12,0.333726879307786
44,34000,Unknown,0.05,Yes,Tenant,53,9,0.42005986627252
46,40000,Employed,0.41,No,Home Owner,5,4,0.325283871530953
53,47000,Unknown,0.05,Yes,Tenant,26,41,0.339181386318607
40,36000,Unknown,0.01,Yes,Home Owner,27,16,0.431729567441837
40,41000,Employed,0.71,Yes,Tenant,79,85,0.210774381514261
47,43000,Unknown,0.21,Yes,Home Owner,147,12,0.273101149594091
55,46000,Employed,0.58,Yes,Home Owner,48,22,0.266449927580009
30,24000,Unknown,0.05,Yes,Tenant,30,66,0.453551879793884
46,36000,Employed,0.28,Yes,Other,45,47,0.178875585361526
51,34000,Employed,0.03,Yes,Home Owner,58,58,0.163261058643778
54,37000,Employed,0.1,Yes,Tenant,10,32,0.254374484438387
59,37000,Unknown,1.09,Yes,Tenant,22,19,0.377067406834839
42,44000,Unknown,0.52,Yes,Tenant,41,14,0.478732748924547
47,45000,Unknown,0.08,Yes,Tenant,71,35,0.387267153682173
45,18000,Unknown,0.04,Yes,Home Owner,35,16,0.61267294361806
49,43000,Employed,0.68,Yes,Tenant,97,37,0.306104657385457
36,33000,Unknown,0.03,Yes,Home Owner,17,17,0.393714954564259
29,39000,Unknown,0.08,Yes,Tenant,34,21,0.429419078683392
43,49000,Employed,0.13,Yes,Tenant,61,46,0.21356117332781
40,28000,Unknown,0.06,Yes,Home Owner,36,23,0.470018953962711
35,38000,Unknown,0.11,Yes,Tenant,64,36,0.514777115648771
37,37000,Unknown,0.64,Yes,Other,15,54,0.339884389766977
46,43000,Employed,0.3,Yes,Home Owner,62,16,0.278963427358611
42,38000,Employed,0.02,Yes,Home Owner,44,13,0.261422712299826
34,46000,Unknown,0.15,No,Home Owner,36,21,0.524718086915132
43,34000,Unknown,0.2,No,Home Owner,55,46,0.416710487641287
52,50000,Employed,0.69,Yes,Home Owner,68,13,0.266918567306248
32,40000,Employed,0.09,Yes,Home Owner,21,53,0.216710527799752
49,34000,Unknown,0.31,Yes,Other,24,28,0.334030671712964
60,53000,Employed,0.01,Yes,Home Owner,3,27,0.137340781142218
39,37000,Unknown,0.29,Yes,Tenant,17,58,0.389186191546388
45,37000,Employed,0.24,Yes,Home Owner,86,36,0.381762216768043
33,33000,Employed,0.02,Yes,Other,3,11,0.282067419879746
58,39000,Unknown,0.14,Yes,Tenant,123,5,0.398571570990289
65,56000,Employed,0.29,Yes,Tenant,46,51,0.149798481824013
42,33000,Unknown,0.02,Yes,Other,5,77,0.183680593606233
24,45000,Unknown,0.6,Yes,Tenant,39,48,0.373965584605979
40,20000,Unknown,1.02,Yes,Tenant,5,46,0.54386062114168
48,44000,Unknown,0.26,Yes,Home Owner,120,4,0.381274530035581
47,33000,Employed,0.35,No,Tenant,6,48,0.33408416999551
42,51000,Employed,0.01,Yes,Tenant,34,76,0.13477885068556
58,46000,Employed,0.43,Yes,Home Owner,35,2,0.245351139068685
32,41000,Unknown,0.12,No,Tenant,6,21,0.605404842268323
66,43000,Employed,0.09,Yes,Tenant,42,26,0.184349858312131
46,43000,Unknown,0.22,No,Home Owner,52,66,0.332535187790417
45,39000,Employed,0.23,Yes,Home Owner,15,15,0.33948121638331
39,40000,Employed,0.06,No,Home Owner,32,10,0.388215648243291
30,23000,Unknown,0.5,Yes,Home Owner,20,18,0.615222239251608
47,33000,Employed,0.13,Yes,Tenant,39,14,0.265195119971968
51,50000,Unknown,0.03,Yes,Home Owner,45,56,0.164111076127903
35,35000,Employed,0.25,Yes,Home Owner,26,27,0.37991876460721
47,34000,Employed,0.19,Yes,Home Owner,37,15,0.352109842534974
51,40000,Employed,0.18,Yes,Home Owner,9,101,0.135047946502867
31,25000,Unknown,0.06,No,Other,75,47,0.43932679611561
46,38000,Unknown,0.03,Yes,Tenant,15,16,0.341276174632866
36,39000,Employed,0.01,Yes,Tenant,80,92,0.155744341668631
59,43000,Unknown,0.02,Yes,Home Owner,116,47,0.212254527016787
25,25000,Unknown,0.18,Yes,Other,5,6,0.588464200830406
39,45000,Unknown,0.07,Yes,Other,21,14,0.278156120571291
49,42000,Unknown,0.04,Yes,Tenant,77,2,0.332053425128354
35,25000,Employed,0.0,Yes,Home Owner,37,4,0.549263075883353
56,51000,Employed,0.89,Yes,Home Owner,21,55,0.168175091895196
68,50000,Unknown,0.06,Yes,Other,102,39,0.154961996660977
39,51000,Employed,0.13,Yes,Home Owner,48,38,0.29357418846726
53,57000,Employed,0.0,No,Tenant,40,81,0.112424814028483
30,47000,Employed,0.05,Yes,Home Owner,14,12,0.233516961228752
46,43000,Unknown,0.32,Yes,Tenant,54,31,0.387267153682173
44,35000,Employed,0.67,Yes,Home Owner,6,27,0.337005815911596
46,47000,Unknown,0.01,Yes,Tenant,27,19,0.266406882326759
51,48000,Employed,0.03,Yes,Tenant,43,7,0.21722430384334
52,53000,Employed,0.01,Yes,Tenant,42,5,0.21722430384334
39,28000,Employed,0.05,Yes,Other,8,30,0.342178214062163
54,43000,Unknown,0.02,Yes,Other,2,47,0.156406291105045
35,26000,Employed,0.35,Yes,Tenant,13,14,0.55432097210113
55,40000,Unknown,0.15,Yes,Home Owner,75,17,0.300991653815872
36,26000,Unknown,0.05,Yes,Other,39,18,0.550152729952309
34,28000,Employed,0.0,No,Home Owner,103,23,0.50649885210912
41,29000,Unknown,0.16,Yes,Home Owner,24,74,0.252530013641429
55,46000,Employed,0.0,Yes,Tenant,57,41,0.224690409314987
50,37000,Unknown,0.59,Yes,Tenant,32,26,0.422717676853361
41,34000,Unknown,0.29,Yes,Other,14,22,0.389882206645334
43,32000,Unknown,0.57,Yes,Tenant,62,57,0.419693605321326
37,38000,Employed,0.05,Yes,Tenant,60,3,0.434649095312192
45,43000,Employed,0.05,Yes,Home Owner,34,14,0.231171150058876
37,42000,Employed,0.04,Yes,Home Owner,23,58,0.177138479782569
45,39000,Employed,0.17,Yes,Other,2,4,0.314901116922662
54,35000,Unknown,0.19,Yes,Home Owner,36,44,0.384654889752109
56,44000,Employed,0.18,No,Home Owner,21,53,0.185961853641853
34,35000,Unknown,0.47,Yes,Home Owner,54,25,0.487023062783128
64,49000,Employed,0.07,No,Home Owner,9,18,0.24910072081526
54,41000,Unknown,0.35,Yes,Home Owner,92,51,0.28690222552671
36,45000,Unknown,0.13,Yes,Tenant,19,4,0.418688458799122
29,27000,Employed,0.01,Yes,Home Owner,35,47,0.324022149624361
56,38000,Employed,0.47,Yes,Tenant,66,48,0.243745412794171
44,41000,Unknown,0.19,Yes,Tenant,24,16,0.46819036833618
